,GRID_TYPE,GAME_ID,GAME_EVENT_ID,PLAYER_ID,PLAYER_NAME,TEAM_ID,TEAM_NAME,PERIOD,MINUTES_REMAINING,SECONDS_REMAINING,EVENT_TYPE,ACTION_TYPE,SHOT_TYPE,SHOT_ZONE_BASIC,SHOT_ZONE_AREA,SHOT_ZONE_RANGE,SHOT_DISTANCE,LOC_X,LOC_Y,SHOT_ATTEMPTED_FLAG,SHOT_MADE_FLAG,GAME_DATE,HTM,VTM
0,Shot Chart Detail,0022200007,23,1627936,Alex Caruso,1610612741,Chicago Bulls,1,9,40,Made Shot,Jump Shot,2PT Field Goal,Mid-Range,Right Side(R),8-16 ft.,15,152,9,1,1,20221019,MIA,CHI
1,Shot Chart Detail,0022200007,51,1627936,Alex Caruso,1610612741,Chicago Bulls,1,7,54,Missed Shot,Jump Shot,3PT Field Goal,Right Corner 3,Right Side(R),24+ ft.,24,239,50,1,0,20221019,MIA,CHI
2,Shot Chart Detail,0022200007,184,1627936,Alex Caruso,1610612741,Chicago Bulls,2,10,54,Missed Shot,Jump Shot,3PT Field Goal,Right Corner 3,Right Side(R),24+ ft.,24,239,53,1,0,20221019,MIA,CHI
3,Shot Chart Detail,0022200007,291,1627936,Alex Caruso,1610612741,Chicago Bulls,2,3,37,Missed Shot,Jump Shot,3PT Field Goal,Right Corner 3,Right Side(R),24+ ft.,24,229,74,1,0,20221019,MIA,CHI
4,Shot Chart Detail,0022200007,309,1627936,Alex Caruso,1610612741,Chicago Bulls,2,2,22,Made Shot,Jump Shot,3PT Field Goal,Above the Break 3,Left Side Center(LC),24+ ft.,26,-132,224,1,1,20221019,MIA,CHI
5,Shot Chart Detail,0022200007,519,1627936,Alex Caruso,1610612741,Chicago Bulls,4,11,25,Missed Shot,Pullup Jump shot,3PT Field Goal,Above the Break 3,Right Side Center(RC),24+ ft.,26,137,222,1,0,20221019,MIA,CHI
6,Shot Chart Detail,0022200007,556,1627936,Alex Caruso,1610612741,Chicago Bulls,4,8,48,Missed Shot,Step Back Jump shot,2PT Field Goal,Mid-Range,Left Side Center(LC),16-24 ft.,17,-75,159,1,0,20221019,MIA,CHI
7,Shot Chart Detail,0022200007,667,1627936,Alex Caruso,1610612741,Chicago Bulls,4,2,38,Missed Shot,Driving Layup Shot,2PT Field Goal,In The Paint (Non-RA),Center(C),Less Than 8 ft.,5,48,33,1,0,20221019,MIA,CHI
8,Shot Chart Detail,0022200007,670,1627936,Alex Caruso,1610612741,Chicago Bulls,4,2,33,Missed Shot,Fadeaway Jump Shot,2PT Field Goal,Mid-Range,Right Side(R),8-16 ft.,14,148,13,1,0,20221019,MIA,CHI
9,Shot Chart Detail,0022200007,690,1627936,Alex Caruso,1610612741,Chicago Bulls,4,1,7,Missed Shot,Jump Shot,3PT Field Goal,Right Corner 3,Right Side(R),24+ ft.,22,229,-1,1,0,20221019,MIA,CHI
10,Shot Chart Detail,0022200019,23,1627936,Alex Caruso,1610612741,Chicago Bulls,1,9,23,Missed Shot,Jump Shot,3PT Field Goal,Above the Break 3,Right Side Center(RC),24+ ft.,26,240,113,1,0,20221021,WAS,CHI
11,Shot Chart Detail,0022200019,210,1627936,Alex Caruso,1610612741,Chicago Bulls,2,7,4,Made Shot,Turnaround Fadeaway shot,2PT Field Goal,Mid-Range,Center(C),8-16 ft.,14,13,146,1,1,20221021,WAS,CHI
12,Shot Chart Detail,0022200019,370,1627936,Alex Caruso,1610612741,Chicago Bulls,3,6,7,Missed Shot,Jump Shot,3PT Field Goal,Above the Break 3,Right Side Center(RC),24+ ft.,24,223,100,1,0,20221021,WAS,CHI
13,Shot Chart Detail,0022200019,499,1627936,Alex Caruso,1610612741,Chicago Bulls,4,8,14,Missed Shot,Turnaround Jump Shot,2PT Field Goal,Mid-Range,Center(C),8-16 ft.,15,-34,152,1,0,20221021,WAS,CHI
14,Shot Chart Detail,0022200032,402,1627936,Alex Caruso,1610612741,Chicago Bulls,3,4,45,Missed Shot,Jump Shot,3PT Field Goal,Above the Break 3,Center(C),24+ ft.,26,82,257,1,0,20221022,CHI,CLE
15,Shot Chart Detail,0022200047,177,1627936,Alex Caruso,1610612741,Chicago Bulls,2,11,5,Made Shot,Jump Shot,3PT Field Goal,Above the Break 3,Right Side Center(RC),24+ ft.,25,180,174,1,1,20221024,CHI,BOS
16,Shot Chart Detail,0022200047,497,1627936,Alex Caruso,1610612741,Chicago Bulls,3,1,5,Made Shot,Running Finger Roll Layup Shot,2PT Field Goal,Restricted Area,Center(C),Less Than 8 ft.,1,-7,10,1,1,20221024,CHI,BOS
17,Shot Chart Detail,0022200061,123,1627936,Alex Caruso,1610612741,Chicago Bulls,1,2,39,Made Shot,Floating Jump shot,2PT Field Goal,In The Paint (Non-RA),Center(C),Less Than 8 ft.,5,-12,58,1,1,20221026,CHI,IND
18,Shot Chart Detail,0022200061,194,1627936,Alex Caruso,1610612741,Chicago Bulls,2,9,30,Made Shot,Jump Shot,3PT Field Goal,Above the Break 3,Right Side Center(RC),24+ ft.,25,94,236,1,1,20221026,CHI,IND
19,Shot Chart Detail,0022200061,205,1627936,Alex Caruso,1610612741,Chicago Bulls,2,8,49,Missed Shot,Jump Shot,3PT Field Goal,Above the Break 3,Right Side Center(RC),24+ ft.,25,132,218,1,0,20221026,CHI,IND
20,Shot Chart Detail,0022200061,710,1627936,Alex Caruso,1610612741,Chicago Bulls,4,0,44,Made Shot,Jump Shot,3PT Field Goal,Left Corner 3,Left Side(L),24+ ft.,23,-239,-19,1,1,20221026,CHI,IND
21,Shot Chart Detail,0022200077,34,1627936,Alex Caruso,1610612741,Chicago Bulls,1,8,35,Missed Shot,Tip Layup Shot,2PT Field Goal,Restricted Area,Center(C),Less Than 8 ft.,0,0,0,1,0,20221028,SAS,CHI
22,Shot Chart Detail,0022200077,223,1627936,Alex Caruso,1610612741,Chicago Bulls,2,7,13,Missed Shot,Jump Shot,3PT Field Goal,Right Corner 3,Right Side(R),24+ ft.,24,235,64,1,0,20221028,SAS,CHI
23,Shot Chart Detail,0022200077,321,1627936,Alex Caruso,1610612741,Chicago Bulls,2,1,28,Missed Shot,Tip Dunk Shot,2PT Field Goal,Restricted Area,Center(C),Less Than 8 ft.,0,0,0,1,0,20221028,SAS,CHI
24,Shot Chart Detail,0022200077,541,1627936,Alex Caruso,1610612741,Chicago Bulls,4,9,44,Made Shot,Jump Shot,3PT Field Goal,Right Corner 3,Right Side(R),24+ ft.,24,240,10,1,1,20221028,SAS,CHI
25,Shot Chart Detail,0022200077,575,1627936,Alex Caruso,1610612741,Chicago Bulls,4,7,15,Missed Shot,Jump Shot,3PT Field Goal,Above the Break 3,Left Side Center(LC),24+ ft.,26,-203,163,1,0,20221028,SAS,CHI
26,Shot Chart Detail,0022200084,282,1627936,Alex Caruso,1610612741,Chicago Bulls,2,3,35,Missed Shot,Driving Layup Shot,2PT Field Goal,Restricted Area,Center(C),Less Than 8 ft.,2,6,26,1,0,20221029,CHI,PHI
27,Shot Chart Detail,0022200084,306,1627936,Alex Caruso,1610612741,Chicago Bulls,2,3,17,Made Shot,Driving Finger Roll Layup Shot,2PT Field Goal,Restricted Area,Center(C),Less Than 8 ft.,0,-2,3,1,1,20221029,CHI,PHI
28,Shot Chart Detail,0022200084,325,1627936,Alex Caruso,1610612741,Chicago Bulls,2,0,58,Made Shot,Step Back Jump shot,3PT Field Goal,Right Corner 3,Right Side(R),24+ ft.,23,230,24,1,1,20221029,CHI,PHI
29,Shot Chart Detail,0022200084,403,1627936,Alex Caruso,1610612741,Chicago Bulls,3,5,53,Missed Shot,Turnaround Jump Shot,2PT Field Goal,In The Paint (Non-RA),Center(C),Less Than 8 ft.,7,54,55,1,0,20221029,CHI,PHI
30,Shot Chart Detail,0022200084,664,1627936,Alex Caruso,1610612741,Chicago Bulls,4,0,4,Missed Shot,Jump Shot,3PT Field Goal,Above the Break 3,Right Side Center(RC),24+ ft.,25,202,157,1,0,20221029,CHI,PHI
31,Shot Chart Detail,0022200103,135,1627936,Alex Caruso,1610612741,Chicago Bulls,1,0,13,Missed Shot,Pullup Jump shot,2PT Field Goal,In The Paint (Non-RA),Center(C),8-16 ft.,9,33,91,1,0,20221101,BKN,CHI
32,Shot Chart Detail,0022200103,198,1627936,Alex Caruso,1610612741,Chicago Bulls,2,8,36,Missed Shot,Running Layup Shot,2PT Field Goal,Restricted Area,Center(C),Less Than 8 ft.,2,21,11,1,0,20221101,BKN,CHI
33,Shot Chart Detail,0022200103,201,1627936,Alex Caruso,1610612741,Chicago Bulls,2,8,31,Missed Shot,Jump Shot,3PT Field Goal,Right Corner 3,Right Side(R),24+ ft.,23,232,1,1,0,20221101,BKN,CHI
34,Shot Chart Detail,0022200103,535,1627936,Alex Caruso,1610612741,Chicago Bulls,4,7,52,Made Shot,Jump Shot,3PT Field Goal,Right Corner 3,Right Side(R),24+ ft.,22,227,13,1,1,20221101,BKN,CHI
35,Shot Chart Detail,0022200111,440,1627936,Alex Caruso,1610612741,Chicago Bulls,3,4,54,Missed Shot,Jump Shot,3PT Field Goal,Left Corner 3,Left Side(L),24+ ft.,23,-232,18,1,0,20221102,CHI,CHA
36,Shot Chart Detail,0022200111,554,1627936,Alex Caruso,1610612741,Chicago Bulls,4,9,27,Made Shot,Jump Shot,3PT Field Goal,Left Corner 3,Left Side(L),24+ ft.,23,-233,4,1,1,20221102,CHI,CHA
37,Shot Chart Detail,0022200111,683,1627936,Alex Caruso,1610612741,Chicago Bulls,4,1,1,Made Shot,Pullup Jump shot,2PT Field Goal,Mid-Range,Left Side Center(LC),16-24 ft.,21,-88,199,1,1,20221102,CHI,CHA
38,Shot Chart Detail,0022200124,202,1627936,Alex Caruso,1610612741,Chicago Bulls,2,7,48,Made Shot,Driving Dunk Shot,2PT Field Goal,Restricted Area,Center(C),Less Than 8 ft.,2,22,7,1,1,20221104,BOS,CHI
39,Shot Chart Detail,0022200124,424,1627936,Alex Caruso,1610612741,Chicago Bulls,3,4,44,Made Shot,Jump Shot,3PT Field Goal,Left Corner 3,Left Side(L),24+ ft.,24,-235,63,1,1,20221104,BOS,CHI
40,Shot Chart Detail,0022200124,485,1627936,Alex Caruso,1610612741,Chicago Bulls,3,0,39,Missed Shot,Jump Shot,3PT Field Goal,Above the Break 3,Right Side Center(RC),24+ ft.,26,99,250,1,0,20221104,BOS,CHI
41,Shot Chart Detail,0022200141,56,1627936,Alex Caruso,1610612741,Chicago Bulls,1,7,44,Made Shot,Fadeaway Jump Shot,2PT Field Goal,Mid-Range,Left Side(L),8-16 ft.,15,-157,8,1,1,20221106,TOR,CHI
42,Shot Chart Detail,0022200141,151,1627936,Alex Caruso,1610612741,Chicago Bulls,1,1,46,Missed Shot,Jump Shot,3PT Field Goal,Right Corner 3,Right Side(R),24+ ft.,22,228,12,1,0,20221106,TOR,CHI
43,Shot Chart Detail,0022200141,193,1627936,Alex Caruso,1610612741,Chicago Bulls,2,10,23,Missed Shot,Driving Hook Shot,2PT Field Goal,Restricted Area,Center(C),Less Than 8 ft.,2,-18,13,1,0,20221106,TOR,CHI
44,Shot Chart Detail,0022200141,284,1627936,Alex Caruso,1610612741,Chicago Bulls,2,4,52,Missed Shot,Layup Shot,2PT Field Goal,Restricted Area,Center(C),Less Than 8 ft.,1,-13,15,1,0,20221106,TOR,CHI
45,Shot Chart Detail,0022200141,326,1627936,Alex Caruso,1610612741,Chicago Bulls,2,0,26,Missed Shot,Jump Shot,3PT Field Goal,Above the Break 3,Right Side Center(RC),24+ ft.,25,237,102,1,0,20221106,TOR,CHI
46,Shot Chart Detail,0022200141,357,1627936,Alex Caruso,1610612741,Chicago Bulls,3,10,2,Missed Shot,Running Finger Roll Layup Shot,2PT Field Goal,Restricted Area,Center(C),Less Than 8 ft.,1,13,13,1,0,20221106,TOR,CHI
47,Shot Chart Detail,0022200141,404,1627936,Alex Caruso,1610612741,Chicago Bulls,3,6,46,Missed Shot,Jump Shot,3PT Field Goal,Above the Break 3,Right Side Center(RC),24+ ft.,25,178,187,1,0,20221106,TOR,CHI
48,Shot Chart Detail,0022200141,411,1627936,Alex Caruso,1610612741,Chicago Bulls,3,6,13,Missed Shot,Tip Layup Shot,2PT Field Goal,Restricted Area,Center(C),Less Than 8 ft.,0,0,0,1,0,20221106,TOR,CHI
49,Shot Chart Detail,0022200141,514,1627936,Alex Caruso,1610612741,Chicago Bulls,3,0,0,Missed Shot,Pullup Jump shot,3PT Field Goal,Above the Break 3,Center(C),24+ ft.,28,37,278,1,0,20221106,TOR,CHI
50,Shot Chart Detail,0022200141,614,1627936,Alex Caruso,1610612741,Chicago Bulls,4,4,57,Missed Shot,Jump Shot,3PT Field Goal,Above the Break 3,Left Side Center(LC),24+ ft.,26,-118,236,1,0,20221106,TOR,CHI
51,Shot Chart Detail,0022200141,668,1627936,Alex Caruso,1610612741,Chicago Bulls,4,0,43,Missed Shot,Jump Shot,3PT Field Goal,Above the Break 3,Right Side Center(RC),24+ ft.,29,94,283,1,0,20221106,TOR,CHI
52,Shot Chart Detail,0022200151,111,1627936,Alex Caruso,1610612741,Chicago Bulls,1,3,41,Missed Shot,Running Layup Shot,2PT Field Goal,Restricted Area,Center(C),Less Than 8 ft.,0,-4,4,1,0,20221107,CHI,TOR
53,Shot Chart Detail,0022200151,213,1627936,Alex Caruso,1610612741,Chicago Bulls,2,8,43,Made Shot,Jump Shot,3PT Field Goal,Above the Break 3,Right Side Center(RC),24+ ft.,24,152,195,1,1,20221107,CHI,TOR
54,Shot Chart Detail,0022200166,278,1627936,Alex Caruso,1610612741,Chicago Bulls,2,2,15,Missed Shot,Jump Shot,3PT Field Goal,Right Corner 3,Right Side(R),24+ ft.,23,234,-19,1,0,20221109,CHI,NOP
55,Shot Chart Detail,0022200196,476,1627936,Alex Caruso,1610612741,Chicago Bulls,4,10,15,Missed Shot,Jump Shot,3PT Field Goal,Right Corner 3,Right Side(R),24+ ft.,23,234,-24,1,0,20221113,CHI,DEN
56,Shot Chart Detail,0022200217,161,1627936,Alex Caruso,1610612741,Chicago Bulls,2,11,45,Made Shot,Jump Shot,3PT Field Goal,Above the Break 3,Left Side Center(LC),24+ ft.,24,-216,121,1,1,20221116,NOP,CHI
57,Shot Chart Detail,0022200217,175,1627936,Alex Caruso,1610612741,Chicago Bulls,2,10,14,Made Shot,Cutting Dunk Shot,2PT Field Goal,Restricted Area,Center(C),Less Than 8 ft.,1,0,11,1,1,20221116,NOP,CHI
58,Shot Chart Detail,0022200217,301,1627936,Alex Caruso,1610612741,Chicago Bulls,2,1,7,Made Shot,Cutting Layup Shot,2PT Field Goal,Restricted Area,Center(C),Less Than 8 ft.,3,18,25,1,1,20221116,NOP,CHI
59,Shot Chart Detail,0022200217,371,1627936,Alex Caruso,1610612741,Chicago Bulls,3,6,43,Made Shot,Jump Shot,3PT Field Goal,Right Corner 3,Right Side(R),24+ ft.,24,240,0,1,1,20221116,NOP,CHI
60,Shot Chart Detail,0022200217,433,1627936,Alex Caruso,1610612741,Chicago Bulls,3,2,59,Missed Shot,Pullup Jump shot,2PT Field Goal,In The Paint (Non-RA),Center(C),Less Than 8 ft.,4,-39,10,1,0,20221116,NOP,CHI
61,Shot Chart Detail,0022200217,453,1627936,Alex Caruso,1610612741,Chicago Bulls,3,1,56,Made Shot,Jump Shot,3PT Field Goal,Right Corner 3,Right Side(R),24+ ft.,23,237,-6,1,1,20221116,NOP,CHI
62,Shot Chart Detail,0022200217,513,1627936,Alex Caruso,1610612741,Chicago Bulls,4,9,43,Missed Shot,Jump Shot,3PT Field Goal,Above the Break 3,Left Side Center(LC),24+ ft.,24,-225,101,1,0,20221116,NOP,CHI
63,Shot Chart Detail,0022200227,78,1627936,Alex Caruso,1610612741,Chicago Bulls,1,6,1,Missed Shot,Jump Shot,3PT Field Goal,Above the Break 3,Right Side Center(RC),24+ ft.,25,213,140,1,0,20221118,CHI,ORL
64,Shot Chart Detail,0022200227,188,1627936,Alex Caruso,1610612741,Chicago Bulls,2,10,54,Missed Shot,Cutting Layup Shot,2PT Field Goal,Restricted Area,Center(C),Less Than 8 ft.,0,-1,-5,1,0,20221118,CHI,ORL
65,Shot Chart Detail,0022200227,405,1627936,Alex Caruso,1610612741,Chicago Bulls,3,6,52,Made Shot,Jump Shot,3PT Field Goal,Above the Break 3,Left Side Center(LC),24+ ft.,26,-129,231,1,1,20221118,CHI,ORL
66,Shot Chart Detail,0022200227,443,1627936,Alex Caruso,1610612741,Chicago Bulls,3,4,8,Made Shot,Driving Layup Shot,2PT Field Goal,Restricted Area,Center(C),Less Than 8 ft.,1,12,7,1,1,20221118,CHI,ORL
67,Shot Chart Detail,0022200227,596,1627936,Alex Caruso,1610612741,Chicago Bulls,4,2,49,Made Shot,Cutting Layup Shot,2PT Field Goal,Restricted Area,Center(C),Less Than 8 ft.,0,9,0,1,1,20221118,CHI,ORL
68,Shot Chart Detail,0022200250,76,1627936,Alex Caruso,1610612741,Chicago Bulls,1,5,22,Missed Shot,Pullup Jump shot,2PT Field Goal,In The Paint (Non-RA),Center(C),8-16 ft.,11,23,115,1,0,20221121,CHI,BOS
69,Shot Chart Detail,0022200250,81,1627936,Alex Caruso,1610612741,Chicago Bulls,1,5,2,Made Shot,Running Layup Shot,2PT Field Goal,Restricted Area,Center(C),Less Than 8 ft.,0,-9,1,1,1,20221121,CHI,BOS
70,Shot Chart Detail,0022200250,179,1627936,Alex Caruso,1610612741,Chicago Bulls,1,0,0,Missed Shot,Jump Shot,3PT Field Goal,Above the Break 3,Center(C),24+ ft.,29,86,283,1,0,20221121,CHI,BOS
71,Shot Chart Detail,0022200250,212,1627936,Alex Caruso,1610612741,Chicago Bulls,2,9,55,Made Shot,Jump Shot,3PT Field Goal,Above the Break 3,Right Side Center(RC),24+ ft.,24,164,183,1,1,20221121,CHI,BOS
72,Shot Chart Detail,0022200250,219,1627936,Alex Caruso,1610612741,Chicago Bulls,2,8,59,Made Shot,Jump Shot,3PT Field Goal,Above the Break 3,Right Side Center(RC),24+ ft.,24,145,203,1,1,20221121,CHI,BOS
73,Shot Chart Detail,0022200250,324,1627936,Alex Caruso,1610612741,Chicago Bulls,2,0,44,Missed Shot,Jump Shot,3PT Field Goal,Above the Break 3,Center(C),24+ ft.,25,28,253,1,0,20221121,CHI,BOS
74,Shot Chart Detail,0022200250,606,1627936,Alex Caruso,1610612741,Chicago Bulls,4,2,57,Made Shot,Reverse Layup Shot,2PT Field Goal,Restricted Area,Center(C),Less Than 8 ft.,1,17,7,1,1,20221121,CHI,BOS
75,Shot Chart Detail,0022200267,158,1627936,Alex Caruso,1610612741,Chicago Bulls,1,0,48,Missed Shot,Step Back Jump shot,3PT Field Goal,Above the Break 3,Right Side Center(RC),24+ ft.,27,165,218,1,0,20221123,MIL,CHI
76,Shot Chart Detail,0022200267,219,1627936,Alex Caruso,1610612741,Chicago Bulls,2,8,16,Missed Shot,Jump Shot,3PT Field Goal,Above the Break 3,Right Side Center(RC),24+ ft.,28,203,206,1,0,20221123,MIL,CHI
77,Shot Chart Detail,0022200281,79,1627936,Alex Caruso,1610612741,Chicago Bulls,1,5,53,Missed Shot,Jump Shot,2PT Field Goal,Mid-Range,Center(C),16-24 ft.,17,-7,176,1,0,20221125,OKC,CHI
78,Shot Chart Detail,0022200281,130,1627936,Alex Caruso,1610612741,Chicago Bulls,1,2,41,Made Shot,Cutting Layup Shot,2PT Field Goal,In The Paint (Non-RA),Center(C),Less Than 8 ft.,6,38,53,1,1,20221125,OKC,CHI
79,Shot Chart Detail,0022200281,281,1627936,Alex Caruso,1610612741,Chicago Bulls,2,3,28,Made Shot,Jump Shot,3PT Field Goal,Above the Break 3,Left Side Center(LC),24+ ft.,26,-180,199,1,1,20221125,OKC,CHI
80,Shot Chart Detail,0022200281,496,1627936,Alex Caruso,1610612741,Chicago Bulls,3,0,57,Made Shot,Jump Shot,3PT Field Goal,Left Corner 3,Left Side(L),24+ ft.,23,-233,-9,1,1,20221125,OKC,CHI
81,Shot Chart Detail,0022200281,642,1627936,Alex Caruso,1610612741,Chicago Bulls,4,3,37,Made Shot,Running Finger Roll Layup Shot,2PT Field Goal,Restricted Area,Center(C),Less Than 8 ft.,2,9,20,1,1,20221125,OKC,CHI
82,Shot Chart Detail,0022200306,400,1627936,Alex Caruso,1610612741,Chicago Bulls,3,2,58,Made Shot,Driving Layup Shot,2PT Field Goal,Restricted Area,Center(C),Less Than 8 ft.,2,26,0,1,1,20221128,UTA,CHI
83,Shot Chart Detail,0022200306,551,1627936,Alex Caruso,1610612741,Chicago Bulls,4,5,45,Missed Shot,Jump Shot,3PT Field Goal,Left Corner 3,Left Side(L),24+ ft.,22,-223,-7,1,0,20221128,UTA,CHI
84,Shot Chart Detail,0022200321,98,1627936,Alex Caruso,1610612741,Chicago Bulls,1,3,19,Made Shot,Jump Shot,3PT Field Goal,Above the Break 3,Left Side Center(LC),24+ ft.,26,-162,204,1,1,20221130,PHX,CHI
85,Shot Chart Detail,0022200321,423,1627936,Alex Caruso,1610612741,Chicago Bulls,3,2,39,Made Shot,Jump Shot,3PT Field Goal,Above the Break 3,Left Side Center(LC),24+ ft.,24,-179,171,1,1,20221130,PHX,CHI
86,Shot Chart Detail,0022200321,427,1627936,Alex Caruso,1610612741,Chicago Bulls,3,2,22,Missed Shot,Running Jump Shot,3PT Field Goal,Right Corner 3,Right Side(R),24+ ft.,22,225,16,1,0,20221130,PHX,CHI
87,Shot Chart Detail,0022200321,451,1627936,Alex Caruso,1610612741,Chicago Bulls,3,0,54,Made Shot,Driving Layup Shot,2PT Field Goal,Restricted Area,Center(C),Less Than 8 ft.,1,0,10,1,1,20221130,PHX,CHI
88,Shot Chart Detail,0022200321,456,1627936,Alex Caruso,1610612741,Chicago Bulls,3,0,19,Missed Shot,Jump Shot,3PT Field Goal,Above the Break 3,Left Side Center(LC),24+ ft.,24,-168,177,1,0,20221130,PHX,CHI
89,Shot Chart Detail,0022200321,501,1627936,Alex Caruso,1610612741,Chicago Bulls,4,9,28,Missed Shot,Floating Jump shot,2PT Field Goal,In The Paint (Non-RA),Center(C),Less Than 8 ft.,6,-9,61,1,0,20221130,PHX,CHI
90,Shot Chart Detail,0022200321,511,1627936,Alex Caruso,1610612741,Chicago Bulls,4,8,40,Made Shot,Running Finger Roll Layup Shot,2PT Field Goal,Restricted Area,Center(C),Less Than 8 ft.,0,-5,3,1,1,20221130,PHX,CHI
91,Shot Chart Detail,0022200336,257,1627936,Alex Caruso,1610612741,Chicago Bulls,2,6,14,Made Shot,Cutting Layup Shot,2PT Field Goal,In The Paint (Non-RA),Center(C),Less Than 8 ft.,4,-31,31,1,1,20221202,GSW,CHI
92,Shot Chart Detail,0022200336,415,1627936,Alex Caruso,1610612741,Chicago Bulls,3,8,19,Missed Shot,Jump Shot,3PT Field Goal,Above the Break 3,Right Side Center(RC),24+ ft.,26,212,158,1,0,20221202,GSW,CHI
93,Shot Chart Detail,0022200336,673,1627936,Alex Caruso,1610612741,Chicago Bulls,4,2,50,Missed Shot,Jump Shot,3PT Field Goal,Above the Break 3,Right Side Center(RC),24+ ft.,28,203,197,1,0,20221202,GSW,CHI
94,Shot Chart Detail,0022200336,705,1627936,Alex Caruso,1610612741,Chicago Bulls,4,0,43,Missed Shot,Jump Shot,3PT Field Goal,Above the Break 3,Right Side Center(RC),24+ ft.,27,216,172,1,0,20221202,GSW,CHI
95,Shot Chart Detail,0022200350,44,1627936,Alex Caruso,1610612741,Chicago Bulls,1,7,31,Missed Shot,Driving Floating Bank Jump Shot,2PT Field Goal,In The Paint (Non-RA),Center(C),Less Than 8 ft.,7,-75,21,1,0,20221204,SAC,CHI
96,Shot Chart Detail,0022200350,348,1627936,Alex Caruso,1610612741,Chicago Bulls,3,9,28,Missed Shot,Pullup Jump shot,2PT Field Goal,Mid-Range,Left Side(L),16-24 ft.,16,-153,55,1,0,20221204,SAC,CHI
97,Shot Chart Detail,0022200350,608,1627936,Alex Caruso,1610612741,Chicago Bulls,4,2,50,Missed Shot,Floating Jump shot,2PT Field Goal,In The Paint (Non-RA),Center(C),8-16 ft.,11,-13,110,1,0,20221204,SAC,CHI
98,Shot Chart Detail,0022200350,619,1627936,Alex Caruso,1610612741,Chicago Bulls,4,1,50,Missed Shot,Jump Shot,3PT Field Goal,Above the Break 3,Left Side Center(LC),24+ ft.,25,-210,149,1,0,20221204,SAC,CHI
99,Shot Chart Detail,0022200367,35,1627936,Alex Caruso,1610612741,Chicago Bulls,1,7,55,Missed Shot,Driving Layup Shot,2PT Field Goal,Restricted Area,Center(C),Less Than 8 ft.,1,4,18,1,0,20221207,CHI,WAS
100,Shot Chart Detail,0022200367,65,1627936,Alex Caruso,1610612741,Chicago Bulls,1,4,59,Made Shot,Driving Layup Shot,2PT Field Goal,Restricted Area,Center(C),Less Than 8 ft.,1,10,11,1,1,20221207,CHI,WAS
101,Shot Chart Detail,0022200367,391,1627936,Alex Caruso,1610612741,Chicago Bulls,3,8,51,Made Shot,Running Layup Shot,2PT Field Goal,Restricted Area,Center(C),Less Than 8 ft.,0,0,1,1,1,20221207,CHI,WAS
102,Shot Chart Detail,0022200367,575,1627936,Alex Caruso,1610612741,Chicago Bulls,4,8,20,Missed Shot,Jump Shot,3PT Field Goal,Above the Break 3,Right Side Center(RC),24+ ft.,26,105,246,1,0,20221207,CHI,WAS
103,Shot Chart Detail,0022200418,312,1627936,Alex Caruso,1610612741,Chicago Bulls,2,1,35,Made Shot,Running Reverse Layup Shot,2PT Field Goal,Restricted Area,Center(C),Less Than 8 ft.,0,2,4,1,1,20221214,CHI,NYK
104,Shot Chart Detail,0022200418,530,1627936,Alex Caruso,1610612741,Chicago Bulls,4,7,42,Made Shot,Pullup Jump shot,2PT Field Goal,Mid-Range,Right Side(R),16-24 ft.,16,161,6,1,1,20221214,CHI,NYK
105,Shot Chart Detail,0022200434,11,1627936,Alex Caruso,1610612741,Chicago Bulls,1,10,43,Missed Shot,Jump Shot,3PT Field Goal,Above the Break 3,Right Side Center(RC),24+ ft.,27,180,206,1,0,20221216,CHI,NYK
106,Shot Chart Detail,0022200434,34,1627936,Alex Caruso,1610612741,Chicago Bulls,1,7,52,Made Shot,Jump Shot,3PT Field Goal,Left Corner 3,Left Side(L),24+ ft.,22,-224,-16,1,1,20221216,CHI,NYK
107,Shot Chart Detail,0022200434,38,1627936,Alex Caruso,1610612741,Chicago Bulls,1,7,20,Made Shot,Pullup Jump shot,3PT Field Goal,Above the Break 3,Left Side Center(LC),24+ ft.,25,-142,210,1,1,20221216,CHI,NYK
108,Shot Chart Detail,0022200434,229,1627936,Alex Caruso,1610612741,Chicago Bulls,2,6,7,Made Shot,Driving Layup Shot,2PT Field Goal,Restricted Area,Center(C),Less Than 8 ft.,0,5,8,1,1,20221216,CHI,NYK
109,Shot Chart Detail,0022200434,232,1627936,Alex Caruso,1610612741,Chicago Bulls,2,5,30,Missed Shot,Cutting Layup Shot,2PT Field Goal,Restricted Area,Center(C),Less Than 8 ft.,1,10,16,1,0,20221216,CHI,NYK
110,Shot Chart Detail,0022200434,276,1627936,Alex Caruso,1610612741,Chicago Bulls,2,2,18,Missed Shot,Pullup Jump shot,3PT Field Goal,Above the Break 3,Right Side Center(RC),24+ ft.,24,178,174,1,0,20221216,CHI,NYK
111,Shot Chart Detail,0022200434,566,1627936,Alex Caruso,1610612741,Chicago Bulls,4,5,8,Missed Shot,Jump Shot,3PT Field Goal,Right Corner 3,Right Side(R),24+ ft.,22,227,-10,1,0,20221216,CHI,NYK
112,Shot Chart Detail,0022200449,48,1627936,Alex Caruso,1610612741,Chicago Bulls,1,7,35,Missed Shot,Jump Shot,3PT Field Goal,Above the Break 3,Center(C),24+ ft.,25,32,251,1,0,20221218,MIN,CHI
113,Shot Chart Detail,0022200449,61,1627936,Alex Caruso,1610612741,Chicago Bulls,1,6,38,Made Shot,Jump Shot,3PT Field Goal,Above the Break 3,Left Side Center(LC),24+ ft.,24,-167,178,1,1,20221218,MIN,CHI
114,Shot Chart Detail,0022200449,201,1627936,Alex Caruso,1610612741,Chicago Bulls,2,7,48,Missed Shot,Jump Shot,3PT Field Goal,Left Corner 3,Left Side(L),24+ ft.,22,-225,-15,1,0,20221218,MIN,CHI
115,Shot Chart Detail,0022200449,564,1627936,Alex Caruso,1610612741,Chicago Bulls,4,4,9,Made Shot,Cutting Layup Shot,2PT Field Goal,Restricted Area,Center(C),Less Than 8 ft.,0,-4,0,1,1,20221218,MIN,CHI
116,Shot Chart Detail,0022200449,573,1627936,Alex Caruso,1610612741,Chicago Bulls,4,3,26,Missed Shot,Running Reverse Layup Shot,2PT Field Goal,Restricted Area,Center(C),Less Than 8 ft.,0,-1,5,1,0,20221218,MIN,CHI
117,Shot Chart Detail,0022200462,336,1627936,Alex Caruso,1610612741,Chicago Bulls,3,7,28,Made Shot,Jump Shot,3PT Field Goal,Above the Break 3,Right Side Center(RC),24+ ft.,25,219,132,1,1,20221220,MIA,CHI
118,Shot Chart Detail,0022200462,481,1627936,Alex Caruso,1610612741,Chicago Bulls,4,7,59,Made Shot,Layup Shot,2PT Field Goal,Restricted Area,Center(C),Less Than 8 ft.,1,10,8,1,1,20221220,MIA,CHI
119,Shot Chart Detail,0022200468,127,1627936,Alex Caruso,1610612741,Chicago Bulls,1,1,53,Made Shot,Jump Shot,3PT Field Goal,Above the Break 3,Left Side Center(LC),24+ ft.,25,-138,212,1,1,20221221,ATL,CHI
120,Shot Chart Detail,0022200468,163,1627936,Alex Caruso,1610612741,Chicago Bulls,2,9,55,Made Shot,Running Reverse Layup Shot,2PT Field Goal,Restricted Area,Center(C),Less Than 8 ft.,1,1,16,1,1,20221221,ATL,CHI
121,Shot Chart Detail,0022200532,199,1627936,Alex Caruso,1610612741,Chicago Bulls,2,7,17,Missed Shot,Turnaround Jump Shot,2PT Field Goal,In The Paint (Non-RA),Center(C),Less Than 8 ft.,6,0,68,1,0,20221230,CHI,DET
122,Shot Chart Detail,0022200532,365,1627936,Alex Caruso,1610612741,Chicago Bulls,3,4,50,Made Shot,Driving Finger Roll Layup Shot,2PT Field Goal,Restricted Area,Center(C),Less Than 8 ft.,1,-9,8,1,1,20221230,CHI,DET
123,Shot Chart Detail,0022200532,371,1627936,Alex Caruso,1610612741,Chicago Bulls,3,4,1,Made Shot,Jump Shot,3PT Field Goal,Right Corner 3,Right Side(R),24+ ft.,23,228,41,1,1,20221230,CHI,DET
124,Shot Chart Detail,0022200532,578,1627936,Alex Caruso,1610612741,Chicago Bulls,4,3,19,Made Shot,Jump Shot,3PT Field Goal,Left Corner 3,Left Side(L),24+ ft.,23,-232,-23,1,1,20221230,CHI,DET
125,Shot Chart Detail,0022200540,148,1627936,Alex Caruso,1610612741,Chicago Bulls,1,1,21,Missed Shot,Reverse Layup Shot,2PT Field Goal,Restricted Area,Center(C),Less Than 8 ft.,0,0,0,1,0,20221231,CHI,CLE
126,Shot Chart Detail,0022200540,487,1627936,Alex Caruso,1610612741,Chicago Bulls,3,0,24,Made Shot,Jump Shot,3PT Field Goal,Above the Break 3,Left Side Center(LC),24+ ft.,26,-99,243,1,1,20221231,CHI,CLE
127,Shot Chart Detail,0022200540,523,1627936,Alex Caruso,1610612741,Chicago Bulls,4,10,14,Missed Shot,Running Finger Roll Layup Shot,2PT Field Goal,Restricted Area,Center(C),Less Than 8 ft.,1,-15,6,1,0,20221231,CHI,CLE
128,Shot Chart Detail,0022200552,113,1627936,Alex Caruso,1610612741,Chicago Bulls,1,3,5,Made Shot,Driving Layup Shot,2PT Field Goal,Restricted Area,Center(C),Less Than 8 ft.,0,4,4,1,1,20230102,CLE,CHI
129,Shot Chart Detail,0022200552,127,1627936,Alex Caruso,1610612741,Chicago Bulls,1,2,10,Missed Shot,Pullup Jump shot,2PT Field Goal,In The Paint (Non-RA),Right Side(R),8-16 ft.,12,74,100,1,0,20230102,CLE,CHI
130,Shot Chart Detail,0022200552,144,1627936,Alex Caruso,1610612741,Chicago Bulls,1,0,30,Made Shot,Running Dunk Shot,2PT Field Goal,Restricted Area,Center(C),Less Than 8 ft.,0,-2,-3,1,1,20230102,CLE,CHI
131,Shot Chart Detail,0022200552,174,1627936,Alex Caruso,1610612741,Chicago Bulls,2,10,52,Missed Shot,Driving Layup Shot,2PT Field Goal,Restricted Area,Center(C),Less Than 8 ft.,0,2,2,1,0,20230102,CLE,CHI
132,Shot Chart Detail,0022200552,549,1627936,Alex Caruso,1610612741,Chicago Bulls,4,9,45,Missed Shot,Jump Shot,3PT Field Goal,Right Corner 3,Right Side(R),24+ ft.,23,237,26,1,0,20230102,CLE,CHI
133,Shot Chart Detail,0022200552,601,1627936,Alex Caruso,1610612741,Chicago Bulls,4,6,6,Missed Shot,Running Layup Shot,2PT Field Goal,Restricted Area,Center(C),Less Than 8 ft.,2,17,16,1,0,20230102,CLE,CHI
134,Shot Chart Detail,0022200552,618,1627936,Alex Caruso,1610612741,Chicago Bulls,4,4,54,Missed Shot,Turnaround Bank shot,2PT Field Goal,In The Paint (Non-RA),Center(C),Less Than 8 ft.,7,40,62,1,0,20230102,CLE,CHI
135,Shot Chart Detail,0022200570,73,1627936,Alex Caruso,1610612741,Chicago Bulls,1,5,29,Made Shot,Driving Layup Shot,2PT Field Goal,Restricted Area,Center(C),Less Than 8 ft.,1,9,11,1,1,20230104,CHI,BKN
136,Shot Chart Detail,0022200606,110,1627936,Alex Caruso,1610612741,Chicago Bulls,1,2,28,Missed Shot,Fadeaway Jump Shot,2PT Field Goal,Mid-Range,Right Side(R),8-16 ft.,10,97,39,1,0,20230109,BOS,CHI
137,Shot Chart Detail,0022200606,130,1627936,Alex Caruso,1610612741,Chicago Bulls,1,1,23,Made Shot,Jump Shot,3PT Field Goal,Above the Break 3,Right Side Center(RC),24+ ft.,25,213,141,1,1,20230109,BOS,CHI
138,Shot Chart Detail,0022200606,247,1627936,Alex Caruso,1610612741,Chicago Bulls,2,4,34,Missed Shot,Turnaround Hook Shot,2PT Field Goal,In The Paint (Non-RA),Left Side(L),8-16 ft.,8,-48,76,1,0,20230109,BOS,CHI
139,Shot Chart Detail,0022200606,251,1627936,Alex Caruso,1610612741,Chicago Bulls,2,4,1,Made Shot,Jump Shot,3PT Field Goal,Right Corner 3,Right Side(R),24+ ft.,23,232,-4,1,1,20230109,BOS,CHI
140,Shot Chart Detail,0022200606,432,1627936,Alex Caruso,1610612741,Chicago Bulls,3,0,12,Missed Shot,Jump Shot,3PT Field Goal,Above the Break 3,Right Side Center(RC),24+ ft.,25,161,193,1,0,20230109,BOS,CHI
141,Shot Chart Detail,0022200619,13,1627936,Alex Caruso,1610612741,Chicago Bulls,1,10,47,Missed Shot,Pullup Jump shot,2PT Field Goal,In The Paint (Non-RA),Center(C),Less Than 8 ft.,6,12,59,1,0,20230111,WAS,CHI
142,Shot Chart Detail,0022200619,17,1627936,Alex Caruso,1610612741,Chicago Bulls,1,10,14,Missed Shot,Jump Shot,3PT Field Goal,Above the Break 3,Left Side Center(LC),24+ ft.,26,-127,237,1,0,20230111,WAS,CHI
143,Shot Chart Detail,0022200619,40,1627936,Alex Caruso,1610612741,Chicago Bulls,1,8,36,Made Shot,Driving Layup Shot,2PT Field Goal,Restricted Area,Center(C),Less Than 8 ft.,2,-28,4,1,1,20230111,WAS,CHI
144,Shot Chart Detail,0022200619,222,1627936,Alex Caruso,1610612741,Chicago Bulls,2,7,4,Missed Shot,Running Layup Shot,2PT Field Goal,In The Paint (Non-RA),Center(C),Less Than 8 ft.,4,43,20,1,0,20230111,WAS,CHI
145,Shot Chart Detail,0022200619,239,1627936,Alex Caruso,1610612741,Chicago Bulls,2,5,52,Missed Shot,Cutting Layup Shot,2PT Field Goal,Restricted Area,Center(C),Less Than 8 ft.,3,32,23,1,0,20230111,WAS,CHI
146,Shot Chart Detail,0022200619,320,1627936,Alex Caruso,1610612741,Chicago Bulls,3,11,41,Missed Shot,Pullup Jump shot,2PT Field Goal,In The Paint (Non-RA),Center(C),Less Than 8 ft.,7,-22,68,1,0,20230111,WAS,CHI
147,Shot Chart Detail,0022200619,333,1627936,Alex Caruso,1610612741,Chicago Bulls,3,9,36,Missed Shot,Jump Shot,3PT Field Goal,Left Corner 3,Left Side(L),24+ ft.,24,-241,-20,1,0,20230111,WAS,CHI
148,Shot Chart Detail,0022200619,349,1627936,Alex Caruso,1610612741,Chicago Bulls,3,8,8,Missed Shot,Driving Layup Shot,2PT Field Goal,Restricted Area,Center(C),Less Than 8 ft.,2,22,16,1,0,20230111,WAS,CHI
149,Shot Chart Detail,0022200619,426,1627936,Alex Caruso,1610612741,Chicago Bulls,3,2,53,Made Shot,Cutting Layup Shot,2PT Field Goal,Restricted Area,Center(C),Less Than 8 ft.,2,12,21,1,1,20230111,WAS,CHI
150,Shot Chart Detail,0022200619,535,1627936,Alex Caruso,1610612741,Chicago Bulls,4,6,55,Missed Shot,Driving Layup Shot,2PT Field Goal,In The Paint (Non-RA),Center(C),Less Than 8 ft.,4,-45,14,1,0,20230111,WAS,CHI
151,Shot Chart Detail,0022200619,537,1627936,Alex Caruso,1610612741,Chicago Bulls,4,6,43,Made Shot,Tip Layup Shot,2PT Field Goal,Restricted Area,Center(C),Less Than 8 ft.,1,1,19,1,1,20230111,WAS,CHI
152,Shot Chart Detail,0022200636,11,1627936,Alex Caruso,1610612741,Chicago Bulls,1,11,38,Made Shot,Cutting Layup Shot,2PT Field Goal,Restricted Area,Center(C),Less Than 8 ft.,1,9,13,1,1,20230113,CHI,OKC
153,Shot Chart Detail,0022200636,138,1627936,Alex Caruso,1610612741,Chicago Bulls,1,2,29,Missed Shot,Jump Shot,3PT Field Goal,Right Corner 3,Right Side(R),24+ ft.,24,239,63,1,0,20230113,CHI,OKC
154,Shot Chart Detail,0022200636,189,1627936,Alex Caruso,1610612741,Chicago Bulls,2,10,44,Made Shot,Running Dunk Shot,2PT Field Goal,Restricted Area,Center(C),Less Than 8 ft.,0,-7,0,1,1,20230113,CHI,OKC
155,Shot Chart Detail,0022200636,399,1627936,Alex Caruso,1610612741,Chicago Bulls,3,8,10,Made Shot,Jump Shot,3PT Field Goal,Above the Break 3,Left Side Center(LC),24+ ft.,28,-131,256,1,1,20230113,CHI,OKC
156,Shot Chart Detail,0022200636,484,1627936,Alex Caruso,1610612741,Chicago Bulls,3,0,57,Made Shot,Jump Shot,3PT Field Goal,Left Corner 3,Left Side(L),24+ ft.,22,-227,6,1,1,20230113,CHI,OKC
157,Shot Chart Detail,0022200636,522,1627936,Alex Caruso,1610612741,Chicago Bulls,4,9,49,Missed Shot,Jump Shot,3PT Field Goal,Right Corner 3,Right Side(R),24+ ft.,23,232,-6,1,0,20230113,CHI,OKC
158,Shot Chart Detail,0022200650,7,1627936,Alex Caruso,1610612741,Chicago Bulls,1,11,41,Missed Shot,Jump Shot,3PT Field Goal,Right Corner 3,Right Side(R),24+ ft.,23,229,32,1,0,20230115,CHI,GSW
159,Shot Chart Detail,0022200650,55,1627936,Alex Caruso,1610612741,Chicago Bulls,1,7,44,Missed Shot,Driving Layup Shot,2PT Field Goal,Restricted Area,Center(C),Less Than 8 ft.,1,10,9,1,0,20230115,CHI,GSW
160,Shot Chart Detail,0022200650,65,1627936,Alex Caruso,1610612741,Chicago Bulls,1,7,3,Made Shot,Jump Shot,3PT Field Goal,Left Corner 3,Left Side(L),24+ ft.,23,-229,-37,1,1,20230115,CHI,GSW
161,Shot Chart Detail,0022200650,386,1627936,Alex Caruso,1610612741,Chicago Bulls,3,9,45,Missed Shot,Jump Shot,3PT Field Goal,Right Corner 3,Right Side(R),24+ ft.,22,224,-21,1,0,20230115,CHI,GSW
162,Shot Chart Detail,0022200650,426,1627936,Alex Caruso,1610612741,Chicago Bulls,3,6,49,Made Shot,Driving Layup Shot,2PT Field Goal,Restricted Area,Center(C),Less Than 8 ft.,0,0,2,1,1,20230115,CHI,GSW
163,Shot Chart Detail,0022200650,493,1627936,Alex Caruso,1610612741,Chicago Bulls,3,3,2,Made Shot,Step Back Jump shot,3PT Field Goal,Above the Break 3,Center(C),24+ ft.,26,1,260,1,1,20230115,CHI,GSW
164,Shot Chart Detail,0022200650,509,1627936,Alex Caruso,1610612741,Chicago Bulls,3,1,37,Made Shot,Driving Finger Roll Layup Shot,2PT Field Goal,Restricted Area,Center(C),Less Than 8 ft.,0,4,7,1,1,20230115,CHI,GSW
165,Shot Chart Detail,0022200650,512,1627936,Alex Caruso,1610612741,Chicago Bulls,3,1,7,Missed Shot,Jump Shot,3PT Field Goal,Left Corner 3,Left Side(L),24+ ft.,22,-227,-9,1,0,20230115,CHI,GSW
166,Shot Chart Detail,0022200650,628,1627936,Alex Caruso,1610612741,Chicago Bulls,4,4,36,Missed Shot,Jump Shot,3PT Field Goal,Above the Break 3,Left Side Center(LC),24+ ft.,25,-161,204,1,0,20230115,CHI,GSW
167,Shot Chart Detail,0022200650,676,1627936,Alex Caruso,1610612741,Chicago Bulls,4,0,56,Missed Shot,Driving Layup Shot,2PT Field Goal,Restricted Area,Center(C),Less Than 8 ft.,2,-7,23,1,0,20230115,CHI,GSW
168,Shot Chart Detail,0022200678,107,1627936,Alex Caruso,1610612741,Chicago Bulls,1,3,6,Missed Shot,Running Layup Shot,2PT Field Goal,In The Paint (Non-RA),Center(C),Less Than 8 ft.,4,-13,47,1,0,20230119,DET,CHI
169,Shot Chart Detail,0022200678,325,1627936,Alex Caruso,1610612741,Chicago Bulls,2,0,51,Made Shot,Tip Layup Shot,2PT Field Goal,Restricted Area,Center(C),Less Than 8 ft.,0,0,0,1,1,20230119,DET,CHI
170,Shot Chart Detail,0022200678,503,1627936,Alex Caruso,1610612741,Chicago Bulls,3,0,24,Missed Shot,Jump Shot,3PT Field Goal,Right Corner 3,Right Side(R),24+ ft.,24,241,15,1,0,20230119,DET,CHI
171,Shot Chart Detail,0022200678,655,1627936,Alex Caruso,1610612741,Chicago Bulls,4,1,10,Missed Shot,Running Dunk Shot,2PT Field Goal,Restricted Area,Center(C),Less Than 8 ft.,2,-18,9,1,0,20230119,DET,CHI
172,Shot Chart Detail,0022200708,77,1627936,Alex Caruso,1610612741,Chicago Bulls,1,5,23,Missed Shot,Putback Layup Shot,2PT Field Goal,Restricted Area,Center(C),Less Than 8 ft.,0,-4,8,1,0,20230123,CHI,ATL
173,Shot Chart Detail,0022200708,185,1627936,Alex Caruso,1610612741,Chicago Bulls,2,10,33,Made Shot,Jump Shot,3PT Field Goal,Above the Break 3,Right Side Center(RC),24+ ft.,26,102,246,1,1,20230123,CHI,ATL
174,Shot Chart Detail,0022200708,189,1627936,Alex Caruso,1610612741,Chicago Bulls,2,10,15,Made Shot,Running Dunk Shot,2PT Field Goal,Restricted Area,Center(C),Less Than 8 ft.,1,-10,6,1,1,20230123,CHI,ATL
175,Shot Chart Detail,0022200708,254,1627936,Alex Caruso,1610612741,Chicago Bulls,2,6,3,Missed Shot,Floating Jump shot,2PT Field Goal,In The Paint (Non-RA),Center(C),Less Than 8 ft.,6,0,62,1,0,20230123,CHI,ATL
176,Shot Chart Detail,0022200708,314,1627936,Alex Caruso,1610612741,Chicago Bulls,2,0,44,Made Shot,Cutting Layup Shot,2PT Field Goal,Restricted Area,Center(C),Less Than 8 ft.,1,15,6,1,1,20230123,CHI,ATL
177,Shot Chart Detail,0022200708,414,1627936,Alex Caruso,1610612741,Chicago Bulls,3,4,57,Made Shot,Jump Shot,3PT Field Goal,Left Corner 3,Left Side(L),24+ ft.,22,-224,26,1,1,20230123,CHI,ATL
178,Shot Chart Detail,0022200708,441,1627936,Alex Caruso,1610612741,Chicago Bulls,3,3,37,Missed Shot,Jump Shot,3PT Field Goal,Above the Break 3,Left Side Center(LC),24+ ft.,25,-169,190,1,0,20230123,CHI,ATL
179,Shot Chart Detail,0022200708,491,1627936,Alex Caruso,1610612741,Chicago Bulls,3,0,33,Made Shot,Driving Finger Roll Layup Shot,2PT Field Goal,Restricted Area,Center(C),Less Than 8 ft.,1,11,13,1,1,20230123,CHI,ATL
180,Shot Chart Detail,0022200708,645,1627936,Alex Caruso,1610612741,Chicago Bulls,4,1,14,Missed Shot,Jump Shot,3PT Field Goal,Right Corner 3,Right Side(R),24+ ft.,23,230,65,1,0,20230123,CHI,ATL
181,Shot Chart Detail,0022200713,446,1627936,Alex Caruso,1610612741,Chicago Bulls,3,3,11,Missed Shot,Driving Layup Shot,2PT Field Goal,In The Paint (Non-RA),Center(C),Less Than 8 ft.,6,-18,58,1,0,20230124,IND,CHI
182,Shot Chart Detail,0022200713,477,1627936,Alex Caruso,1610612741,Chicago Bulls,3,1,16,Missed Shot,Driving Finger Roll Layup Shot,2PT Field Goal,In The Paint (Non-RA),Center(C),Less Than 8 ft.,6,36,51,1,0,20230124,IND,CHI
183,Shot Chart Detail,0022200713,684,1627936,Alex Caruso,1610612741,Chicago Bulls,4,0,3,Missed Shot,Pullup Jump shot,3PT Field Goal,Above the Break 3,Right Side Center(RC),24+ ft.,26,136,231,1,0,20230124,IND,CHI
184,Shot Chart Detail,0022200732,262,1627936,Alex Caruso,1610612741,Chicago Bulls,2,4,20,Missed Shot,Running Jump Shot,3PT Field Goal,Right Corner 3,Right Side(R),24+ ft.,23,237,33,1,0,20230126,CHA,CHI
185,Shot Chart Detail,0022200732,467,1627936,Alex Caruso,1610612741,Chicago Bulls,3,0,26,Made Shot,Putback Layup Shot,2PT Field Goal,Restricted Area,Center(C),Less Than 8 ft.,0,0,0,1,1,20230126,CHA,CHI
186,Shot Chart Detail,0022200744,142,1627936,Alex Caruso,1610612741,Chicago Bulls,1,1,16,Made Shot,Driving Reverse Layup Shot,2PT Field Goal,Restricted Area,Center(C),Less Than 8 ft.,3,-39,5,1,1,20230128,ORL,CHI
187,Shot Chart Detail,0022200744,392,1627936,Alex Caruso,1610612741,Chicago Bulls,3,5,24,Made Shot,Cutting Layup Shot,2PT Field Goal,Restricted Area,Center(C),Less Than 8 ft.,3,25,21,1,1,20230128,ORL,CHI
188,Shot Chart Detail,0022200744,581,1627936,Alex Caruso,1610612741,Chicago Bulls,4,2,56,Made Shot,Driving Layup Shot,2PT Field Goal,Restricted Area,Center(C),Less Than 8 ft.,3,31,25,1,1,20230128,ORL,CHI
189,Shot Chart Detail,0022200766,156,1627936,Alex Caruso,1610612741,Chicago Bulls,2,10,46,Made Shot,Jump Shot,3PT Field Goal,Right Corner 3,Right Side(R),24+ ft.,22,225,-16,1,1,20230131,CHI,LAC
190,Shot Chart Detail,0022200766,189,1627936,Alex Caruso,1610612741,Chicago Bulls,2,7,41,Made Shot,Jump Shot,3PT Field Goal,Right Corner 3,Right Side(R),24+ ft.,23,233,-20,1,1,20230131,CHI,LAC
191,Shot Chart Detail,0022200766,598,1627936,Alex Caruso,1610612741,Chicago Bulls,4,2,13,Made Shot,Running Layup Shot,2PT Field Goal,Restricted Area,Center(C),Less Than 8 ft.,0,-9,4,1,1,20230131,CHI,LAC
192,Shot Chart Detail,0022200781,73,1627936,Alex Caruso,1610612741,Chicago Bulls,1,4,50,Made Shot,Jump Shot,3PT Field Goal,Left Corner 3,Left Side(L),24+ ft.,23,-228,43,1,1,20230202,CHI,CHA
193,Shot Chart Detail,0022200781,131,1627936,Alex Caruso,1610612741,Chicago Bulls,1,1,43,Missed Shot,Jump Shot,3PT Field Goal,Left Corner 3,Left Side(L),24+ ft.,23,-234,16,1,0,20230202,CHI,CHA
194,Shot Chart Detail,0022200781,170,1627936,Alex Caruso,1610612741,Chicago Bulls,2,11,13,Made Shot,Cutting Layup Shot,2PT Field Goal,Restricted Area,Center(C),Less Than 8 ft.,0,-2,3,1,1,20230202,CHI,CHA
195,Shot Chart Detail,0022200819,44,1627936,Alex Caruso,1610612741,Chicago Bulls,1,8,7,Missed Shot,Jump Shot,3PT Field Goal,Above the Break 3,Right Side Center(RC),24+ ft.,24,194,155,1,0,20230207,MEM,CHI
196,Shot Chart Detail,0022200819,292,1627936,Alex Caruso,1610612741,Chicago Bulls,2,3,45,Missed Shot,Jump Shot,3PT Field Goal,Left Corner 3,Left Side(L),24+ ft.,23,-228,42,1,0,20230207,MEM,CHI
197,Shot Chart Detail,0022200819,488,1627936,Alex Caruso,1610612741,Chicago Bulls,3,1,17,Missed Shot,Driving Floating Jump Shot,2PT Field Goal,Mid-Range,Right Side(R),8-16 ft.,8,88,7,1,0,20230207,MEM,CHI
198,Shot Chart Detail,0022200819,643,1627936,Alex Caruso,1610612741,Chicago Bulls,4,3,12,Made Shot,Alley Oop Layup shot,2PT Field Goal,Restricted Area,Center(C),Less Than 8 ft.,3,27,21,1,1,20230207,MEM,CHI
199,Shot Chart Detail,0022200819,654,1627936,Alex Caruso,1610612741,Chicago Bulls,4,2,17,Missed Shot,Jump Shot,3PT Field Goal,Left Corner 3,Left Side(L),24+ ft.,23,-238,13,1,0,20230207,MEM,CHI
200,Shot Chart Detail,0022200833,87,1627936,Alex Caruso,1610612741,Chicago Bulls,1,4,51,Missed Shot,Jump Shot,3PT Field Goal,Above the Break 3,Left Side Center(LC),24+ ft.,25,-135,218,1,0,20230209,BKN,CHI
201,Shot Chart Detail,0022200833,157,1627936,Alex Caruso,1610612741,Chicago Bulls,2,11,20,Made Shot,Layup Shot,2PT Field Goal,Restricted Area,Center(C),Less Than 8 ft.,1,-4,15,1,1,20230209,BKN,CHI
202,Shot Chart Detail,0022200833,418,1627936,Alex Caruso,1610612741,Chicago Bulls,3,3,36,Missed Shot,Jump Shot,3PT Field Goal,Above the Break 3,Right Side Center(RC),24+ ft.,25,183,174,1,0,20230209,BKN,CHI
203,Shot Chart Detail,0022200874,48,1627936,Alex Caruso,1610612741,Chicago Bulls,1,7,16,Made Shot,Running Finger Roll Layup Shot,2PT Field Goal,Restricted Area,Center(C),Less Than 8 ft.,1,17,-5,1,1,20230215,IND,CHI
204,Shot Chart Detail,0022200874,120,1627936,Alex Caruso,1610612741,Chicago Bulls,1,2,18,Missed Shot,Jump Shot,3PT Field Goal,Left Corner 3,Left Side(L),24+ ft.,23,-233,31,1,0,20230215,IND,CHI
205,Shot Chart Detail,0022200874,191,1627936,Alex Caruso,1610612741,Chicago Bulls,2,10,22,Missed Shot,Jump Shot,3PT Field Goal,Left Corner 3,Left Side(L),24+ ft.,22,-228,13,1,0,20230215,IND,CHI
206,Shot Chart Detail,0022200874,487,1627936,Alex Caruso,1610612741,Chicago Bulls,4,11,40,Made Shot,Jump Shot,3PT Field Goal,Above the Break 3,Left Side Center(LC),24+ ft.,25,-152,200,1,1,20230215,IND,CHI
207,Shot Chart Detail,0022200874,491,1627936,Alex Caruso,1610612741,Chicago Bulls,4,11,3,Missed Shot,Cutting Finger Roll Layup Shot,2PT Field Goal,Restricted Area,Center(C),Less Than 8 ft.,1,9,14,1,0,20230215,IND,CHI
208,Shot Chart Detail,0022200900,305,1627936,Alex Caruso,1610612741,Chicago Bulls,2,0,42,Made Shot,Running Reverse Layup Shot,2PT Field Goal,Restricted Area,Center(C),Less Than 8 ft.,0,-2,-7,1,1,20230224,CHI,BKN
209,Shot Chart Detail,0022200900,351,1627936,Alex Caruso,1610612741,Chicago Bulls,3,9,11,Made Shot,Running Reverse Layup Shot,2PT Field Goal,Restricted Area,Center(C),Less Than 8 ft.,0,5,8,1,1,20230224,CHI,BKN
210,Shot Chart Detail,0022200900,395,1627936,Alex Caruso,1610612741,Chicago Bulls,3,5,27,Missed Shot,Jump Shot,3PT Field Goal,Right Corner 3,Right Side(R),24+ ft.,23,232,1,1,0,20230224,CHI,BKN
211,Shot Chart Detail,0022200912,63,1627936,Alex Caruso,1610612741,Chicago Bulls,1,5,38,Missed Shot,Jump Shot,3PT Field Goal,Above the Break 3,Left Side Center(LC),24+ ft.,25,-164,194,1,0,20230226,CHI,WAS
212,Shot Chart Detail,0022200912,251,1627936,Alex Caruso,1610612741,Chicago Bulls,2,3,16,Missed Shot,Jump Shot,3PT Field Goal,Right Corner 3,Right Side(R),24+ ft.,24,241,-11,1,0,20230226,CHI,WAS
213,Shot Chart Detail,0022200912,299,1627936,Alex Caruso,1610612741,Chicago Bulls,3,11,7,Missed Shot,Jump Shot,3PT Field Goal,Above the Break 3,Right Side Center(RC),24+ ft.,25,120,226,1,0,20230226,CHI,WAS
214,Shot Chart Detail,0022200912,336,1627936,Alex Caruso,1610612741,Chicago Bulls,3,7,35,Made Shot,Running Jump Shot,3PT Field Goal,Right Corner 3,Right Side(R),24+ ft.,23,234,4,1,1,20230226,CHI,WAS
215,Shot Chart Detail,0022200912,362,1627936,Alex Caruso,1610612741,Chicago Bulls,3,6,0,Made Shot,Jump Shot,3PT Field Goal,Above the Break 3,Center(C),24+ ft.,24,36,247,1,1,20230226,CHI,WAS
216,Shot Chart Detail,0022200912,386,1627936,Alex Caruso,1610612741,Chicago Bulls,3,3,34,Missed Shot,Jump Shot,3PT Field Goal,Left Corner 3,Left Side(L),24+ ft.,22,-223,-13,1,0,20230226,CHI,WAS
217,Shot Chart Detail,0022200925,31,1627936,Alex Caruso,1610612741,Chicago Bulls,1,9,9,Missed Shot,Jump Shot,3PT Field Goal,Right Corner 3,Right Side(R),24+ ft.,23,232,2,1,0,20230228,TOR,CHI
218,Shot Chart Detail,0022200925,36,1627936,Alex Caruso,1610612741,Chicago Bulls,1,8,45,Missed Shot,Jump Shot,3PT Field Goal,Right Corner 3,Right Side(R),24+ ft.,23,232,6,1,0,20230228,TOR,CHI
219,Shot Chart Detail,0022200925,255,1627936,Alex Caruso,1610612741,Chicago Bulls,2,3,9,Made Shot,Reverse Layup Shot,2PT Field Goal,Restricted Area,Center(C),Less Than 8 ft.,0,1,-1,1,1,20230228,TOR,CHI
220,Shot Chart Detail,0022200925,300,1627936,Alex Caruso,1610612741,Chicago Bulls,2,0,1,Missed Shot,Jump Shot,3PT Field Goal,Above the Break 3,Left Side Center(LC),24+ ft.,25,-207,157,1,0,20230228,TOR,CHI
221,Shot Chart Detail,0022200925,318,1627936,Alex Caruso,1610612741,Chicago Bulls,3,9,54,Made Shot,Jump Shot,3PT Field Goal,Right Corner 3,Right Side(R),24+ ft.,24,237,68,1,1,20230228,TOR,CHI
222,Shot Chart Detail,0022200934,41,1627936,Alex Caruso,1610612741,Chicago Bulls,1,7,26,Missed Shot,Running Jump Shot,3PT Field Goal,Left Corner 3,Left Side(L),24+ ft.,23,-239,12,1,0,20230301,DET,CHI
223,Shot Chart Detail,0022200934,61,1627936,Alex Caruso,1610612741,Chicago Bulls,1,6,9,Made Shot,Jump Shot,3PT Field Goal,Left Corner 3,Left Side(L),24+ ft.,23,-229,37,1,1,20230301,DET,CHI
224,Shot Chart Detail,0022200934,268,1627936,Alex Caruso,1610612741,Chicago Bulls,2,2,48,Missed Shot,Turnaround Fadeaway shot,2PT Field Goal,In The Paint (Non-RA),Center(C),8-16 ft.,8,2,85,1,0,20230301,DET,CHI
225,Shot Chart Detail,0022200934,322,1627936,Alex Caruso,1610612741,Chicago Bulls,3,10,32,Made Shot,Jump Shot,3PT Field Goal,Right Corner 3,Right Side(R),24+ ft.,23,228,45,1,1,20230301,DET,CHI
226,Shot Chart Detail,0022200934,505,1627936,Alex Caruso,1610612741,Chicago Bulls,4,10,19,Missed Shot,Pullup Jump shot,3PT Field Goal,Above the Break 3,Left Side Center(LC),24+ ft.,26,-104,240,1,0,20230301,DET,CHI
227,Shot Chart Detail,0022200950,288,1627936,Alex Caruso,1610612741,Chicago Bulls,2,2,22,Made Shot,Jump Shot,3PT Field Goal,Left Corner 3,Left Side(L),24+ ft.,22,-222,-3,1,1,20230303,CHI,PHX
228,Shot Chart Detail,0022200950,394,1627936,Alex Caruso,1610612741,Chicago Bulls,3,4,17,Missed Shot,Jump Shot,3PT Field Goal,Above the Break 3,Left Side Center(LC),24+ ft.,24,-164,180,1,0,20230303,CHI,PHX
229,Shot Chart Detail,0022200950,579,1627936,Alex Caruso,1610612741,Chicago Bulls,4,4,30,Missed Shot,Jump Shot,3PT Field Goal,Above the Break 3,Right Side Center(RC),24+ ft.,25,217,127,1,0,20230303,CHI,PHX
230,Shot Chart Detail,0022200950,593,1627936,Alex Caruso,1610612741,Chicago Bulls,4,3,13,Missed Shot,Jump Shot,3PT Field Goal,Left Corner 3,Left Side(L),24+ ft.,22,-223,-21,1,0,20230303,CHI,PHX
231,Shot Chart Detail,0022200963,19,1627936,Alex Caruso,1610612741,Chicago Bulls,1,10,50,Made Shot,Running Layup Shot,2PT Field Goal,Restricted Area,Center(C),Less Than 8 ft.,1,6,10,1,1,20230305,CHI,IND
232,Shot Chart Detail,0022200963,249,1627936,Alex Caruso,1610612741,Chicago Bulls,2,4,54,Made Shot,Driving Layup Shot,2PT Field Goal,Restricted Area,Center(C),Less Than 8 ft.,1,18,6,1,1,20230305,CHI,IND
233,Shot Chart Detail,0022200963,257,1627936,Alex Caruso,1610612741,Chicago Bulls,2,4,21,Made Shot,Cutting Layup Shot,2PT Field Goal,Restricted Area,Center(C),Less Than 8 ft.,0,-4,4,1,1,20230305,CHI,IND
234,Shot Chart Detail,0022200963,297,1627936,Alex Caruso,1610612741,Chicago Bulls,2,0,28,Missed Shot,Running Jump Shot,3PT Field Goal,Right Corner 3,Right Side(R),24+ ft.,23,228,31,1,0,20230305,CHI,IND
235,Shot Chart Detail,0022200989,65,1627936,Alex Caruso,1610612741,Chicago Bulls,1,5,26,Missed Shot,Turnaround Fadeaway Bank Jump Shot,2PT Field Goal,Mid-Range,Right Side(R),8-16 ft.,11,112,26,1,0,20230308,DEN,CHI
236,Shot Chart Detail,0022200989,243,1627936,Alex Caruso,1610612741,Chicago Bulls,2,4,3,Missed Shot,Layup Shot,2PT Field Goal,In The Paint (Non-RA),Center(C),Less Than 8 ft.,4,38,26,1,0,20230308,DEN,CHI
237,Shot Chart Detail,0022200989,265,1627936,Alex Caruso,1610612741,Chicago Bulls,2,2,32,Missed Shot,Jump Shot,3PT Field Goal,Right Corner 3,Right Side(R),24+ ft.,22,229,13,1,0,20230308,DEN,CHI
238,Shot Chart Detail,0022200989,276,1627936,Alex Caruso,1610612741,Chicago Bulls,2,1,6,Missed Shot,Jump Shot,3PT Field Goal,Right Corner 3,Right Side(R),24+ ft.,23,230,16,1,0,20230308,DEN,CHI
239,Shot Chart Detail,0022200989,306,1627936,Alex Caruso,1610612741,Chicago Bulls,3,9,45,Missed Shot,Running Reverse Layup Shot,2PT Field Goal,Restricted Area,Center(C),Less Than 8 ft.,3,31,5,1,0,20230308,DEN,CHI
240,Shot Chart Detail,0022200989,314,1627936,Alex Caruso,1610612741,Chicago Bulls,3,9,27,Made Shot,Cutting Layup Shot,2PT Field Goal,Restricted Area,Center(C),Less Than 8 ft.,1,16,1,1,1,20230308,DEN,CHI
241,Shot Chart Detail,0022200989,321,1627936,Alex Caruso,1610612741,Chicago Bulls,3,8,47,Made Shot,Pullup Jump shot,2PT Field Goal,In The Paint (Non-RA),Center(C),8-16 ft.,12,33,125,1,1,20230308,DEN,CHI
242,Shot Chart Detail,0022200989,328,1627936,Alex Caruso,1610612741,Chicago Bulls,3,8,7,Made Shot,Running Finger Roll Layup Shot,2PT Field Goal,Restricted Area,Center(C),Less Than 8 ft.,3,2,30,1,1,20230308,DEN,CHI
243,Shot Chart Detail,0022201009,118,1627936,Alex Caruso,1610612741,Chicago Bulls,1,8,7,Missed Shot,Tip Layup Shot,2PT Field Goal,Restricted Area,Center(C),Less Than 8 ft.,1,2,15,1,0,20230311,HOU,CHI
244,Shot Chart Detail,0022201009,238,1627936,Alex Caruso,1610612741,Chicago Bulls,2,6,4,Missed Shot,Jump Shot,3PT Field Goal,Right Corner 3,Right Side(R),24+ ft.,22,223,2,1,0,20230311,HOU,CHI
245,Shot Chart Detail,0022201009,548,1627936,Alex Caruso,1610612741,Chicago Bulls,4,6,38,Made Shot,Running Layup Shot,2PT Field Goal,Restricted Area,Center(C),Less Than 8 ft.,1,-10,9,1,1,20230311,HOU,CHI
246,Shot Chart Detail,0022201009,603,1627936,Alex Caruso,1610612741,Chicago Bulls,4,3,4,Made Shot,Running Layup Shot,2PT Field Goal,Restricted Area,Center(C),Less Than 8 ft.,1,-10,-4,1,1,20230311,HOU,CHI
247,Shot Chart Detail,0022201009,633,1627936,Alex Caruso,1610612741,Chicago Bulls,4,0,40,Missed Shot,Jump Shot,3PT Field Goal,Left Corner 3,Left Side(L),24+ ft.,22,-227,1,1,0,20230311,HOU,CHI
248,Shot Chart Detail,0022201050,12,1627936,Alex Caruso,1610612741,Chicago Bulls,1,11,15,Made Shot,Cutting Layup Shot,2PT Field Goal,Restricted Area,Center(C),Less Than 8 ft.,1,16,5,1,1,20230317,CHI,MIN
249,Shot Chart Detail,0022201050,59,1627936,Alex Caruso,1610612741,Chicago Bulls,1,6,44,Made Shot,Driving Layup Shot,2PT Field Goal,Restricted Area,Center(C),Less Than 8 ft.,2,-1,20,1,1,20230317,CHI,MIN
250,Shot Chart Detail,0022201050,67,1627936,Alex Caruso,1610612741,Chicago Bulls,1,5,28,Missed Shot,Jump Shot,3PT Field Goal,Above the Break 3,Center(C),24+ ft.,27,-10,271,1,0,20230317,CHI,MIN
251,Shot Chart Detail,0022201050,321,1627936,Alex Caruso,1610612741,Chicago Bulls,3,10,48,Made Shot,Pullup Jump shot,3PT Field Goal,Above the Break 3,Left Side Center(LC),24+ ft.,25,-141,207,1,1,20230317,CHI,MIN
252,Shot Chart Detail,0022201050,484,1627936,Alex Caruso,1610612741,Chicago Bulls,4,9,54,Missed Shot,Jump Shot,2PT Field Goal,In The Paint (Non-RA),Center(C),8-16 ft.,12,16,127,1,0,20230317,CHI,MIN
253,Shot Chart Detail,0022201060,46,1627936,Alex Caruso,1610612741,Chicago Bulls,1,7,44,Made Shot,Jump Shot,3PT Field Goal,Mid-Range,Left Side(L),16-24 ft.,23,-213,104,1,1,20230318,CHI,MIA
254,Shot Chart Detail,0022201060,50,1627936,Alex Caruso,1610612741,Chicago Bulls,1,7,8,Missed Shot,Pullup Jump shot,3PT Field Goal,Above the Break 3,Right Side Center(RC),24+ ft.,25,135,215,1,0,20230318,CHI,MIA
255,Shot Chart Detail,0022201060,210,1627936,Alex Caruso,1610612741,Chicago Bulls,2,8,3,Made Shot,Cutting Layup Shot,2PT Field Goal,Restricted Area,Center(C),Less Than 8 ft.,0,-2,3,1,1,20230318,CHI,MIA
256,Shot Chart Detail,0022201104,359,1627936,Alex Caruso,1610612741,Chicago Bulls,3,9,17,Made Shot,Running Reverse Layup Shot,2PT Field Goal,Restricted Area,Center(C),Less Than 8 ft.,0,1,5,1,1,20230324,POR,CHI
257,Shot Chart Detail,0022201104,375,1627936,Alex Caruso,1610612741,Chicago Bulls,3,8,7,Made Shot,Jump Shot,3PT Field Goal,Right Corner 3,Right Side(R),24+ ft.,22,227,16,1,1,20230324,POR,CHI
258,Shot Chart Detail,0022201114,32,1627936,Alex Caruso,1610612741,Chicago Bulls,1,9,11,Made Shot,Jump Shot,3PT Field Goal,Above the Break 3,Left Side Center(LC),24+ ft.,24,-201,148,1,1,20230326,LAL,CHI
259,Shot Chart Detail,0022201114,44,1627936,Alex Caruso,1610612741,Chicago Bulls,1,7,47,Made Shot,Pullup Jump shot,2PT Field Goal,In The Paint (Non-RA),Right Side(R),8-16 ft.,11,58,94,1,1,20230326,LAL,CHI
260,Shot Chart Detail,0022201114,244,1627936,Alex Caruso,1610612741,Chicago Bulls,2,3,1,Missed Shot,Jump Shot,3PT Field Goal,Above the Break 3,Left Side Center(LC),24+ ft.,27,-156,229,1,0,20230326,LAL,CHI
261,Shot Chart Detail,0022201114,248,1627936,Alex Caruso,1610612741,Chicago Bulls,2,2,22,Missed Shot,Jump Shot,3PT Field Goal,Left Corner 3,Left Side(L),24+ ft.,23,-232,-7,1,0,20230326,LAL,CHI
262,Shot Chart Detail,0022201114,591,1627936,Alex Caruso,1610612741,Chicago Bulls,4,3,5,Missed Shot,Driving Floating Bank Jump Shot,2PT Field Goal,In The Paint (Non-RA),Center(C),Less Than 8 ft.,4,33,34,1,0,20230326,LAL,CHI
263,Shot Chart Detail,0022201140,61,1627936,Alex Caruso,1610612741,Chicago Bulls,1,6,51,Missed Shot,Jump Shot,3PT Field Goal,Right Corner 3,Right Side(R),24+ ft.,22,227,3,1,0,20230329,CHI,LAL
264,Shot Chart Detail,0022201140,289,1627936,Alex Caruso,1610612741,Chicago Bulls,2,2,46,Missed Shot,Jump Shot,3PT Field Goal,Above the Break 3,Left Side Center(LC),24+ ft.,25,-158,198,1,0,20230329,CHI,LAL
265,Shot Chart Detail,0022201140,427,1627936,Alex Caruso,1610612741,Chicago Bulls,3,3,5,Made Shot,Jump Shot,3PT Field Goal,Right Corner 3,Right Side(R),24+ ft.,23,233,-26,1,1,20230329,CHI,LAL
266,Shot Chart Detail,0022201140,450,1627936,Alex Caruso,1610612741,Chicago Bulls,3,1,24,Made Shot,Tip Dunk Shot,2PT Field Goal,Restricted Area,Center(C),Less Than 8 ft.,0,0,0,1,1,20230329,CHI,LAL
267,Shot Chart Detail,0022201148,21,1627936,Alex Caruso,1610612741,Chicago Bulls,1,10,25,Made Shot,Jump Shot,3PT Field Goal,Right Corner 3,Right Side(R),24+ ft.,23,234,1,1,1,20230331,CHA,CHI
268,Shot Chart Detail,0022201148,65,1627936,Alex Caruso,1610612741,Chicago Bulls,1,6,44,Made Shot,Driving Layup Shot,2PT Field Goal,Restricted Area,Center(C),Less Than 8 ft.,2,20,20,1,1,20230331,CHA,CHI
269,Shot Chart Detail,0022201148,235,1627936,Alex Caruso,1610612741,Chicago Bulls,2,5,58,Missed Shot,Jump Bank Shot,3PT Field Goal,Above the Break 3,Right Side Center(RC),24+ ft.,25,123,226,1,0,20230331,CHA,CHI
270,Shot Chart Detail,0022201148,270,1627936,Alex Caruso,1610612741,Chicago Bulls,2,3,13,Made Shot,Jump Shot,3PT Field Goal,Left Corner 3,Left Side(L),24+ ft.,23,-230,23,1,1,20230331,CHA,CHI
271,Shot Chart Detail,0022201148,285,1627936,Alex Caruso,1610612741,Chicago Bulls,2,1,27,Missed Shot,Jump Shot,3PT Field Goal,Above the Break 3,Right Side Center(RC),24+ ft.,25,235,101,1,0,20230331,CHA,CHI
272,Shot Chart Detail,0022201148,332,1627936,Alex Caruso,1610612741,Chicago Bulls,3,9,15,Missed Shot,Jump Shot,3PT Field Goal,Left Corner 3,Left Side(L),24+ ft.,24,-241,-2,1,0,20230331,CHA,CHI
273,Shot Chart Detail,0022201148,334,1627936,Alex Caruso,1610612741,Chicago Bulls,3,9,13,Made Shot,Reverse Layup Shot,2PT Field Goal,Restricted Area,Center(C),Less Than 8 ft.,0,6,3,1,1,20230331,CHA,CHI
274,Shot Chart Detail,0022201165,50,1627936,Alex Caruso,1610612741,Chicago Bulls,1,8,3,Made Shot,Jump Shot,3PT Field Goal,Left Corner 3,Left Side(L),24+ ft.,23,-233,-6,1,1,20230402,CHI,MEM
275,Shot Chart Detail,0022201165,340,1627936,Alex Caruso,1610612741,Chicago Bulls,3,8,55,Missed Shot,Jump Shot,3PT Field Goal,Above the Break 3,Left Side Center(LC),24+ ft.,24,-189,156,1,0,20230402,CHI,MEM
276,Shot Chart Detail,0022201165,366,1627936,Alex Caruso,1610612741,Chicago Bulls,3,7,20,Made Shot,Running Reverse Layup Shot,2PT Field Goal,Restricted Area,Center(C),Less Than 8 ft.,0,-9,-4,1,1,20230402,CHI,MEM
277,Shot Chart Detail,0022201182,55,1627936,Alex Caruso,1610612741,Chicago Bulls,1,6,50,Missed Shot,Finger Roll Layup Shot,2PT Field Goal,Restricted Area,Center(C),Less Than 8 ft.,1,4,17,1,0,20230404,CHI,ATL
278,Shot Chart Detail,0022201182,291,1627936,Alex Caruso,1610612741,Chicago Bulls,3,11,29,Missed Shot,Jump Shot,3PT Field Goal,Above the Break 3,Left Side Center(LC),24+ ft.,25,-100,236,1,0,20230404,CHI,ATL
279,Shot Chart Detail,0022201210,28,1627936,Alex Caruso,1610612741,Chicago Bulls,1,9,15,Made Shot,Jump Shot,3PT Field Goal,Left Corner 3,Left Side(L),24+ ft.,23,-232,34,1,1,20230407,DAL,CHI
280,Shot Chart Detail,0022201210,79,1627936,Alex Caruso,1610612741,Chicago Bulls,1,4,13,Missed Shot,Pullup Jump shot,2PT Field Goal,Mid-Range,Left Side(L),8-16 ft.,15,-83,131,1,0,20230407,DAL,CHI
281,Shot Chart Detail,0022201210,218,1627936,Alex Caruso,1610612741,Chicago Bulls,2,7,20,Made Shot,Driving Layup Shot,2PT Field Goal,Restricted Area,Center(C),Less Than 8 ft.,2,12,17,1,1,20230407,DAL,CHI
282,Shot Chart Detail,0022201210,279,1627936,Alex Caruso,1610612741,Chicago Bulls,2,1,53,Made Shot,Pullup Jump shot,2PT Field Goal,In The Paint (Non-RA),Center(C),8-16 ft.,10,26,97,1,1,20230407,DAL,CHI
283,Shot Chart Detail,0022201223,21,1627936,Alex Caruso,1610612741,Chicago Bulls,1,10,10,Made Shot,Cutting Layup Shot,2PT Field Goal,Restricted Area,Center(C),Less Than 8 ft.,0,6,3,1,1,20230409,CHI,DET
284,Shot Chart Detail,0022201223,72,1627936,Alex Caruso,1610612741,Chicago Bulls,1,4,51,Missed Shot,Jump Shot,3PT Field Goal,Above the Break 3,Center(C),24+ ft.,25,34,255,1,0,20230409,CHI,DET
285,Shot Chart Detail,0022201223,221,1627936,Alex Caruso,1610612741,Chicago Bulls,2,5,52,Missed Shot,Pullup Jump shot,3PT Field Goal,Left Corner 3,Left Side(L),24+ ft.,23,-230,-13,1,0,20230409,CHI,DET
